[{"nom": "CRIT LA CHAPELLE-SAINT-MESMIN", "travail": "M\u00e9tier :\nVente en alimentation", "description": "\u00c0 PROPOS DE L\u2019ENTREPRISE\nVous recherchez un emploi en CDI, CDD ou en int\u00e9rim\nCRIT recrute chaque ann\u00e9e des milliers de profils dans les m\u00e9tiers de l'Industrie, Transport, BTP ou Services pour ses 29 000 clients.+ de 5000 offres d'emploi partout en France sur www.crit-job.com\n\nTous nos postes sont ouverts aux candidats en situation de handicap.\nDESCRIPTION DU POSTE\nNous recherchons pour l'un de nos clients un Conseiller de vente alimentaire F/H.\n\n\nVous accueillez et conseillez les clients. Vous \u00e9coutez et orientez les clients afin de les servir au mieux. Pour cela, vous pratiquez une argumentation de vente en int\u00e9grant leurs attentes et les caract\u00e9ristiques des produits. Vous disposez de connaissances de base de vos produits.\n\nVous pr\u00e9parez et/ou conditionnez les produits pour la ventes. Vous v\u00e9rifiez leur rotation et leur qualit\u00e9 et faites en sorte de les mettre en valeur sur le lieu de vente. Vous assurez ponctuellement le remplissage en fonction des ventes. Vous enregistrez et encaissez le montant des ventes.\n\nVous assurez les contr\u00f4les n\u00e9cessaires. Que cela soit en terme d'hygi\u00e8ne, de s\u00e9curit\u00e9 et de tra\u00e7abilit\u00e9 afin de proposer des produits de qualit\u00e9. Vous \u00eates garant de la tenue de rayon et de la r\u00e9serve (montage de l'\u00e9tal, balisage, nettoyage...) selon des process d\u00e9finis.\n\nVous \u00eates titulaire d'un BAC et/ou disposez d'une exp\u00e9rience significative dans le domaine. Vous aimez conseiller vos clients et leur proposer le meilleur produit possible.\nINFORMATIONS SUPPL\u00c9MENTAIRES\nExp\u00e9rience requise :\n6 mois \u00e0 1 an", "telephone": "02 38 62 11 22", "date": "31 / 01 / 2022", "titre": "CONSEILLER DE VENTE ALIMENTAIRE (H/F)", "addresse": "\n45140 ST JEAN DE LA RUELLE"}, {"nom": "CRIT PARIS Prestige", "travail": "M\u00e9tier :\nVente en habillement et accessoires de la personne", "description": "\u00c0 PROPOS DE L\u2019ENTREPRISE\nVous recherchez un emploi en CDI, CDD ou en int\u00e9rim\nCRIT recrute chaque ann\u00e9e des milliers de profils dans les m\u00e9tiers de l'Industrie, Transport, BTP ou Services pour ses 29 000 clients.+ de 5000 offres d'emploi partout en France sur www.crit-job.com\n\nTous nos postes sont ouverts aux candidats en situation de handicap.\nDESCRIPTION DU POSTE\nCRIT Prestige recrute pour l'un de ses clients, Grand Magasin, destination shopping incontournable de l'Est parisien, un conseiller de vente H/F dans le domaine du pr\u00eat \u00e0 porter Homme pour rejoindre leurs \u00e9quipes en CDI.\n\nRattach\u00e9(e) au Manager des Ventes de votre secteur, vous contribuez au d\u00e9veloppement du chiffre d'affaires en promouvant l'offre commerciale du magasin et en mettant en oeuvre un c\u00e9r\u00e9monial de vente et un accueil client irr\u00e9prochable.\n\nVos missions principales sont les suivantes :\n\n- Mise en oeuvre du processus de vente dans sa globalit\u00e9: accueil des clients, analyse des besoins, accompagnement et conseil, proposition de produits additionnels et des offres de services, vente et encaissement.\n- Fid\u00e9lisation de la client\u00e8le;\n- Mise en place des produits et optimisation du merchandiding\n- Gestion des stocks et r\u00e9assort de votre espace de vente\n- Excellente tenue de votre zone, rangement de votre espace\n- F\u00e9d\u00e9rer autour de la marque, lors des animations commerciales du magasin\n- Respect des consignes et proc\u00e9dures mises en place par le magasin\nDe formation commerciale (Bac Pro ou BTS), vous poss\u00e9dez une exp\u00e9rience r\u00e9ussie de 2 \u00e0 3 ans minimum dans le secteur de la vente ou dans un secteur ou le client \u00e9tait au coeur de vos pr\u00e9occupations. Une connaissance de la mode Homme est id\u00e9ale et principalement dans les costumes serait un plus.\n\nVous \u00eates le/la collaborateur(ice) id\u00e9al(e) si :\n\n- vous poss\u00e9dez une app\u00e9tence et un r\u00e9el attrait pour la vente, ainsi qu'une affinit\u00e9 authentique pour la Mode, l'univers des Grands Magasins et des produits Haut de gamme\n- vous maitrisez les codes du Haut de gamme et savez mettre en oeuvre un accueil, un sens du service et une relation client exceptionnel\n- vous avez le go\u00fbt du challenge\n- vous aimez travailler en \u00e9quipe\n- vous faites preuve d'une certaine souplesse et disponibilit\u00e9;\n- Energique, dynamique, curieux et souriant, vous avez envie de vous inscrire dans cette nouvelle aventure, envoyez-nous vite votre candidature !\nINFORMATIONS SUPPL\u00c9MENTAIRES\nExp\u00e9rience requise :\n2 \u00e0 5 ans", "telephone": "01 56 69 26 69", "date": "29 / 01 / 2022", "titre": "CONSEILLER DE VENTE GRAND MAGASIN PARISIEN -75 - PAP MODE HOMME - INTERIM(H/F)", "addresse": "\n75008 PARIS 8EME ARRONDISSEMENT"}, {"nom": "CRIT RENNES", "travail": "M\u00e9tier :\nVente en habillement et accessoires de la personne", "description": "\u00c0 PROPOS DE L\u2019ENTREPRISE\nVous recherchez un emploi en CDI, CDD ou en int\u00e9rim\nCRIT recrute chaque ann\u00e9e des milliers de profils dans les m\u00e9tiers de l'Industrie, Transport, BTP ou Services pour ses 29 000 clients.+ de 5000 offres d'emploi partout en France sur www.crit-job.com\n\nTous nos postes sont ouverts aux candidats en situation de handicap.\nDESCRIPTION DU POSTE\nNous recherchons pour le compte d'un de nos clients, une chaine proposant de multiples marques de v\u00eatements et accessoires de luxe, des conseillers de vente H/F sur Rennes, sur du long terme.\n\nLes missions :\n\n- Accueil le client de fa\u00e7on personnalis\u00e9e et prendre en charge ses demandes\n- Garantir la qualit\u00e9 de l'accueil\n- Orienter le client vers la marque ou les services concern\u00e9s selon ses attentes\n- Proc\u00e9der \u00e0 la vente et \u00e0 l'encaissement des produits\n- Mise en rayon des articles et en garantir la tenue\n\nAmplitude horaire du commerce: 8h-20h du lundi au samedi.\nNous recherchons des personnes avec une exp\u00e9rience significative en magasin de pr\u00eat \u00e0 porter haut de gamme.\nINFORMATIONS SUPPL\u00c9MENTAIRES\nExp\u00e9rience requise :\n1 \u00e0 2 ans", "telephone": "02 23 35 44 66", "date": "29 / 01 / 2022", "titre": "CONSEILLER DE VENTE (H/F)", "addresse": "\n35200 RENNES"}, {"nom": "CRIT EVRY", "travail": "M\u00e9tier :\nVente en habillement et accessoires de la personne", "description": "\u00c0 PROPOS DE L\u2019ENTREPRISE\nVous recherchez un emploi en CDI, CDD ou en int\u00e9rim\nCRIT recrute chaque ann\u00e9e des milliers de profils dans les m\u00e9tiers de l'Industrie, Transport, BTP ou Services pour ses 29 000 clients.+ de 5000 offres d'emploi partout en France sur www.crit-job.com\n\nTous nos postes sont ouverts aux candidats en situation de handicap.\nDESCRIPTION DU POSTE\nNous recherchons pour l'un de nos clients, un(e) vendeur(se) (H/F) pour des missions de courte ou longue dur\u00e9e dans les villes suivantes : Evry, Viry-chatillon, Corbeil-Essonnes... Vos t\u00e2ches seront les suivantes :\n- Conseiller et accueillir la client\u00e8le - Veiller au maintien de la tenue irr\u00e9prochable de la boutique - Maitriser les proc\u00e9dures en caisse - Savoir travailler en \u00e9quipe - Favoriser la fid\u00e9lisation du client\nVous \u00eates une personne polyvalente, rigoureuse avec un bon relationnel. Vous b\u00e9n\u00e9ficiez d'une exp\u00e9rience de 2 \u00e0 3 ans dans le domaine de la vente/commerce.\nINFORMATIONS SUPPL\u00c9MENTAIRES\nExp\u00e9rience requise :\n2 \u00e0 5 ans", "telephone": "01 60 78 00 40", "date": "28 / 01 / 2022", "titre": "VENTE (H/F)", "addresse": "\n91100 CORBEIL ESSONNES"}, {"nom": "CRIT LA CHAPELLE-SAINT-MESMIN", "travail": "M\u00e9tier :\nVente en alimentation", "description": "\u00c0 PROPOS DE L\u2019ENTREPRISE\nVous recherchez un emploi en CDI, CDD ou en int\u00e9rim\nCRIT recrute chaque ann\u00e9e des milliers de profils dans les m\u00e9tiers de l'Industrie, Transport, BTP ou Services pour ses 29 000 clients.+ de 5000 offres d'emploi partout en France sur www.crit-job.com\n\nTous nos postes sont ouverts aux candidats en situation de handicap.\nDESCRIPTION DU POSTE\nNous recherchons pour l'un de nos clients un Conseiller de vente alimentaire F/H.\n\n\nVous accueillez et conseillez les clients. Vous \u00e9coutez et orientez les clients afin de les servir au mieux. Pour cela, vous pratiquez une argumentation de vente en int\u00e9grant leurs attentes et les caract\u00e9ristiques des produits. Vous disposez de connaissances de base de vos produits.\n\nVous pr\u00e9parez et/ou conditionnez les produits pour la ventes. Vous v\u00e9rifiez leur rotation et leur qualit\u00e9 et faites en sorte de les mettre en valeur sur le lieu de vente. Vous assurez ponctuellement le remplissage en fonction des ventes. Vous enregistrez et encaissez le montant des ventes.\n\nVous assurez les contr\u00f4les n\u00e9cessaires. Que cela soit en terme d'hygi\u00e8ne, de s\u00e9curit\u00e9 et de tra\u00e7abilit\u00e9 afin de proposer des produits de qualit\u00e9. Vous \u00eates garant de la tenue de rayon et de la r\u00e9serve (montage de l'\u00e9tal, balisage, nettoyage...) selon des process d\u00e9finis.\n\nVous \u00eates titulaire d'un BAC et/ou disposez d'une exp\u00e9rience significative dans le domaine. Vous aimez conseiller vos clients et leur proposer le meilleur produit possible.\nINFORMATIONS SUPPL\u00c9MENTAIRES\nExp\u00e9rience requise :\n6 mois \u00e0 1 an", "telephone": "02 38 62 11 22", "date": "27 / 01 / 2022", "titre": "CONSEILLER DE VENTE ALIMENTAIRE (H/F)", "addresse": "\n45140 ST JEAN DE LA RUELLE"}, {"nom": "CRIT TOULON", "travail": "M\u00e9tier :\nVente en habillement et accessoires de la personne", "description": "\u00c0 PROPOS DE L\u2019ENTREPRISE\nVous recherchez un emploi en CDI, CDD ou en int\u00e9rim\nCRIT recrute chaque ann\u00e9e des milliers de profils dans les m\u00e9tiers de l'Industrie, Transport, BTP ou Services pour ses 29 000 clients.+ de 5000 offres d'emploi partout en France sur www.crit-job.com\n\nTous nos postes sont ouverts aux candidats en situation de handicap.\nDESCRIPTION DU POSTE\nNous recherchons pour l'un de nos clients un/une conseiller(e) de vente dans le pr\u00eat \u00e0 porter.\nVous effectuerez vos missions dans le respect des r\u00e8gles et des consignes de s\u00e9curit\u00e9.\nVos missions principales : Accueil des clients; \u00c9coute de leurs besoins; Conseiller et renseigner la client\u00e8le\nGestion des stocks; Rangement du magasin; Mise en rayon; Etiquetage des articles; Encaissement\nFid\u00e9lisation des clients.\nVous avez un excellent sens relationnel et commercial.\nVous ma\u00eetrisez les techniques de vente et vous savez adapter votre argumentation en fonction des clients.\nVous \u00eates aimable et souriant\nINFORMATIONS SUPPL\u00c9MENTAIRES\nExp\u00e9rience requise :\n1 \u00e0 2 ans", "telephone": "04 94 09 29 22", "date": "26 / 01 / 2022", "titre": "(H/F) CONSEILLER(E) DE VENTE PR\u00caT \u00c0 PORTER", "addresse": "\n83000 TOULON"}, {"nom": "CRIT LOURDES", "travail": "M\u00e9tier :\nManagement en force de vente", "description": "\u00c0 PROPOS DE L\u2019ENTREPRISE\nVous recherchez un emploi en CDI, CDD ou en int\u00e9rim\nCRIT recrute chaque ann\u00e9e des milliers de profils dans les m\u00e9tiers de l'Industrie, Transport, BTP ou Services pour ses 29 000 clients.+ de 5000 offres d'emploi partout en France sur www.crit-job.com\n\nTous nos postes sont ouverts aux candidats en situation de handicap.\nDESCRIPTION DU POSTE\nNous recherchons pour le compte de notre client un(e) responsable des ventes en boulangerie/sandwicherie. Vous serez en charge de la gestion des stocks, de la vente et de l'encaissement des produits. La formation HACCP est obligatoire pour pr\u00e9tendre \u00e0 cette fonction.\nCe poste est \u00e0 pouvoir en int\u00e9rim et peut \u00e9voluer en CDI.\nNous recherchons quelqu'un de dynamique et s\u00e9rieux avec une bonne gestion du stress et bonne gestion des responsabilit\u00e9s.\nLa formation HACCP est obligatoire.\nINFORMATIONS SUPPL\u00c9MENTAIRES\nExp\u00e9rience requise :\n1 \u00e0 2 ans", "telephone": "05 62 42 89 10", "date": "26 / 01 / 2022", "titre": "RESPONSABLE DES VENTES (H/F)", "addresse": "\n65110 CAUTERETS"}, {"nom": "CRIT FREJUS", "travail": "M\u00e9tier :\nVente en habillement et accessoires de la personne", "description": "\u00c0 PROPOS DE L\u2019ENTREPRISE\nVous recherchez un emploi en CDI, CDD ou en int\u00e9rim\nCRIT recrute chaque ann\u00e9e des milliers de profils dans les m\u00e9tiers de l'Industrie, Transport, BTP ou Services pour ses 29 000 clients.+ de 5000 offres d'emploi partout en France sur www.crit-job.com\n\nTous nos postes sont ouverts aux candidats en situation de handicap.\nDESCRIPTION DU POSTE\nNous recherchons un Conseiller de vente (H/F) pour un magasin de pr\u00eat-\u00e0-porter.\n\nLes principales missions sont :\n- Ouverture et Fermeture du Magasin ;\n- Gestion de la caisse ;\n- R\u00e9ception de livraisons ;\n- Conseiller la client\u00e8le ;\n- Rangement du magasin et de la r\u00e9serve ;\n- Etablir les campagnes promotionnelles.\n\nContrat de 35h en Int\u00e9rim.\nVous \u00eates Conseiller de vente (H/F) avec une exp\u00e9rience significative dans le pr\u00eat \u00e0 porter, multi-clients et poss\u00e9der une aisance relationnelle.\nCe poste est fait pour vous !\nINFORMATIONS SUPPL\u00c9MENTAIRES\nExp\u00e9rience requise :\n2 \u00e0 5 ans", "telephone": "04 94 17 19 84", "date": "25 / 01 / 2022", "titre": "CONSEILLER DE VENTE (H/F)", "addresse": "\n83700 ST RAPHAEL"}, {"nom": "CRIT LA CHAPELLE-SAINT-MESMIN", "travail": "M\u00e9tier :\nVente en alimentation", "description": "\u00c0 PROPOS DE L\u2019ENTREPRISE\nVous recherchez un emploi en CDI, CDD ou en int\u00e9rim\nCRIT recrute chaque ann\u00e9e des milliers de profils dans les m\u00e9tiers de l'Industrie, Transport, BTP ou Services pour ses 29 000 clients.+ de 5000 offres d'emploi partout en France sur www.crit-job.com\n\nTous nos postes sont ouverts aux candidats en situation de handicap.\nDESCRIPTION DU POSTE\nNous recherchons pour l'un de nos clients un Conseiller de vente alimentaire F/H.\n\n\nVous accueillez et conseillez les clients. Vous \u00e9coutez et orientez les clients afin de les servir au mieux. Pour cela, vous pratiquez une argumentation de vente en int\u00e9grant leurs attentes et les caract\u00e9ristiques des produits. Vous disposez de connaissances de base de vos produits.\n\nVous pr\u00e9parez et/ou conditionnez les produits pour la ventes. Vous v\u00e9rifiez leur rotation et leur qualit\u00e9 et faites en sorte de les mettre en valeur sur le lieu de vente. Vous assurez ponctuellement le remplissage en fonction des ventes. Vous enregistrez et encaissez le montant des ventes.\n\nVous assurez les contr\u00f4les n\u00e9cessaires. Que cela soit en terme d'hygi\u00e8ne, de s\u00e9curit\u00e9 et de tra\u00e7abilit\u00e9 afin de proposer des produits de qualit\u00e9. Vous \u00eates garant de la tenue de rayon et de la r\u00e9serve (montage de l'\u00e9tal, balisage, nettoyage...) selon des process d\u00e9finis.\n\nVous \u00eates titulaire d'un BAC et/ou disposez d'une exp\u00e9rience significative dans le domaine. Vous aimez conseiller vos clients et leur proposer le meilleur produit possible.\nINFORMATIONS SUPPL\u00c9MENTAIRES\nExp\u00e9rience requise :\n6 mois \u00e0 1 an", "telephone": "02 38 62 11 22", "date": "24 / 01 / 2022", "titre": "CONSEILLER DE VENTE ALIMENTAIRE (H/F)", "addresse": "\n45140 ST JEAN DE LA RUELLE"}, {"nom": "CRIT PARIS Prestige", "travail": "M\u00e9tier :\nVente en habillement et accessoires de la personne", "description": "\u00c0 PROPOS DE L\u2019ENTREPRISE\nVous recherchez un emploi en CDI, CDD ou en int\u00e9rim\nCRIT recrute chaque ann\u00e9e des milliers de profils dans les m\u00e9tiers de l'Industrie, Transport, BTP ou Services pour ses 29 000 clients.+ de 5000 offres d'emploi partout en France sur www.crit-job.com\n\nTous nos postes sont ouverts aux candidats en situation de handicap.\nDESCRIPTION DU POSTE\nCRIT Prestige recrute pour l'un de ses clients, Grand Magasin, \u00e0 V\u00e9lizy-Villacoulbay, des conseillers de vente H/F.\n\nRattach\u00e9(e) au Manager des Ventes de votre secteur, vous contribuez au d\u00e9veloppement du chiffre d'affaires en promouvant l'offre commerciale du magasin et en mettant en oeuvre un c\u00e9r\u00e9monial de vente et un accueil client irr\u00e9prochable.\n\nVos missions principales sont les suivantes :\n\n- Mise en oeuvre du processus de vente dans sa globalit\u00e9: accueil des clients, analyse des besoins, accompagnement et conseil, proposition de produits additionnels et des offres de services, vente et encaissement.\n- Fid\u00e9lisation de la client\u00e8le;\n- Mise en place des produits et optimisation du merchandiding\n- Gestion des stocks et r\u00e9assort de votre espace de vente\n- Excellente tenue de votre zone, rangement de votre espace\n- F\u00e9d\u00e9rer autour de la marque, lors des animations commerciales du magasin\n- Respect des consignes et proc\u00e9dures mises en place par le magasin\n\n\nPour le secteur beaut\u00e9 une exp\u00e9rience confirm\u00e9e et un dipl\u00f4me sont exig\u00e9s.\nDe formation commerciale (Bac Pro ou BTS), vous poss\u00e9dez une exp\u00e9rience r\u00e9ussie de 2 \u00e0 3 ans minimum dans le secteur de la mode ou de la beaut\u00e9.\n\nVous \u00eates le/la collaborateur(ice) id\u00e9al(e) si :\n\n- vous poss\u00e9dez une app\u00e9tence et un r\u00e9el attrait pour la vente, ainsi qu'une affinit\u00e9 authentique pour le secteur de la beaut\u00e9, l'univers des Grands Magasins et des produits Haut de gamme\n- vous maitrisez les codes du Haut de gamme et savez mettre en oeuvre un accueil, un sens du service et une relation client exceptionnel\n- vous avez le g\u00f4ut du challenge\n- vous aimez travailler en \u00e9quipe\n- vous faites preuve d'une certaine souplesse et disponibilit\u00e9;\n\n- Energique, dynamique, curieux et souriant, vous avez envie de vous inscrire dans cette nouvelle aventure, envoyez-nous vite votre candidature !\nINFORMATIONS SUPPL\u00c9MENTAIRES\nExp\u00e9rience requise :\n2 \u00e0 5 ans", "telephone": "01 56 69 26 69", "date": "21 / 01 / 2022", "titre": "CONSEILLER(E) DE VENTE GRAND MAGASIN - V\u00c9LIZY-VILLACOUBLAY - SECTEUR MODE ET BEA", "addresse": "\n75008 PARIS 8EME ARRONDISSEMENT"}]